CODIGO_DO_FUNDO;SETOR;PRECO_ATUAL;LIQUIDEZ_DIARIA;DIVIDENDO;DIVIDEND_YIELD;DY_(3M)_ACUMULADO;DY_(6M)_ACUMULADO;DY_(12M)_ACUMULADO;DY_(3M)_MEDIA;DY_(6M)_MEDIA;DY_(12M)_MEDIA;DY_ANO;VARIACAO_PRECO;RENTAB._PERIODO;RENTAB._ACUMULADA;PATRIMONIO_LIQ.;VPA;P/VPA;DY_PATRIMONIAL;VARIACAO_PATRIMONIAL;RENTAB._PATR._NO_PERIODO;RENTAB._PATR._ACUMULADA;VACANCIA_FISICA;VACANCIA_FINANCEIRA;QUANTIDADE_ATIVOS
FIVN11;Shoppings;3.49;6466;0.00;0.00;0.00;0.00;0.00;0.00;0.00;0.00;;0.00;0.00;0.00;65491905.42;6.96;0.50;;;;;56.00;;1
BZLI11;Títulos e Val Mob;16.01;1;0.00;0.00;0.00;0.00;0.00;0.00;0.00;0.00;0.00;0.68;0.68;1.14;433169275.63;10.54;1.52;;;;;;;0
XTED11;Lajes Corporativas;8.80;3271;0.00;0.00;0.00;0.00;0.00;0.00;0.00;0.00;0.00;1.10;1.10;-37.83;27744771.31;13.29;0.66;;;;;0.00;100.00;1
ALMI11;Lajes Corporativas;916.02;121;0.00;0.00;0.00;0.00;0.00;0.00;0.00;0.00;0.00;2.27;2.27;-28.29;250321687.81;2251.56;0.41;;;;;64.05;;1
PABY11;Híbrido;23.37;3237;0.00;0.00;0.00;0.00;0.00;0.00;0.00;0.00;0.00;-19.84;-19.84;-31.62;-11662557.74;-15.38;-1.52;;;;;;;1
ORPD11;Títulos e Val Mob;93.00;3;1.38;;;;;;;;;;;;43104334.23;148.64;0.63;;;;;;;0
GSFI11;Shoppings;5.00;334;0.00;0.03;0.03;0.03;0.03;0.01;0.00;0.00;0.03;0.00;0.03;0.03;119966356.27;13.56;0.37;;;;;10.30;;10
NEWU11;Lajes Corporativas;40.63;100;0.00;0.00;0.00;0.56;16.63;0.00;0.09;1.39;0.61;-4.04;-4.04;-31.62;48318961.55;65.12;0.62;;;;;63.20;;3
PRSV11;Lajes Corporativas;142.00;14;1.62;0.42;1.53;2.91;5.95;0.51;0.48;0.50;4.46;5.30;5.74;-11.25;47509273.51;243.64;0.58;;;;;40.90;;2
FAMB11B;Lajes Corporativas;773.00;2817;9.16;0.56;2.17;4.78;10.43;0.72;0.80;0.87;8.82;-47.80;-47.51;-47.80;317894808.56;333.35;0.25;;;;;100.00;;1
FMOF11;Lajes Corporativas;56.45;57;0.64;;;;;;;;;;;;62366731.90;122.77;0.46;;;;;52.08;;1
HGRS11;Residencial;10.03;9639;0.00;0.00;0.00;0.00;0.00;0.00;0.00;0.00;;0.00;0.00;0.00;151997914.38;101.81;0.10;;;;;;;0
HGRS11;Residencial;10.05;50319;0.00;0.00;0.00;0.00;0.00;0.00;0.00;0.00;;0.00;0.00;0.00;151997914.38;101.81;0.10;;;;;;;0
HGRS11;Residencial;10.03;78020;0.00;0.00;0.00;0.00;0.00;0.00;0.00;0.00;;0.00;0.00;0.00;151997914.38;101.81;0.10;;;;;;;0
HGRS11;Residencial;10.04;89910;0.00;0.00;0.00;0.00;0.00;0.00;0.00;0.00;;0.00;0.00;0.00;151997914.38;101.81;0.10;;;;;;;0
HGRS11;Residencial;10.04;109262;0.00;0.00;0.00;0.00;0.00;0.00;0.00;0.00;;0.00;0.00;0.00;151997914.38;101.81;0.10;;;;;;;0
HGRS11;Residencial;10.03;85924;0.00;0.00;0.00;0.00;0.00;0.00;0.00;0.00;;0.00;0.00;0.00;151997914.38;101.81;0.10;;;;;;;0
HGRS11;Residencial;10.08;121381;0.00;0.00;0.00;0.00;0.00;0.00;0.00;0.00;;0.00;0.00;0.00;151997914.38;101.81;0.10;;;;;;;0
HGRS11;Residencial;10.00;175712;0.00;0.00;0.00;0.00;0.00;0.00;0.00;0.00;;0.00;0.00;0.00;151997914.38;101.81;0.10;;;;;;;0
HGRS11;Residencial;10.14;160602;0.00;0.00;0.00;0.00;0.00;0.00;0.00;0.00;;0.00;0.00;0.00;151997914.38;101.81;0.10;;;;;;;0
KNRE11;Residencial;0.95;439;0.00;0.00;0.00;0.00;0.00;0.00;0.00;0.00;0.00;0.00;0.00;0.00;21539531.71;1.16;0.82;;;;;;;0
RBDS11;Residencial;2.77;15;0.00;0.00;0.00;0.00;0.00;0.00;0.00;0.00;0.00;0.00;0.00;0.00;2594371.61;20.51;0.14;;;;;;;0
WTSP11B;Híbrido;43.49;1;0.32;0.76;2.57;4.67;6.85;0.86;0.78;0.57;0.76;0.00;0.76;0.76;82363484.34;82.98;0.52;;;;;;;0
OULG11;Outros;44.41;1362;0.17;0.38;1.14;3.40;8.03;0.38;0.57;0.67;1.50;3.09;3.48;-3.91;181728876.23;73.24;0.61;;;;;0.00;;2
VXXV11;Outros;938.00;906;10.76;;;;;;;;;;;;236923610.69;896.76;1.05;;;;;;;0
BICE11;Títulos e Val Mob;950.00;26;5.40;0.00;0.00;0.00;0.00;0.00;0.00;0.00;;0.00;0.00;0.00;20801358.88;987.20;0.96;;;;;;;0
HRDF11;Híbrido;1.00;37;6.80;;;;;;;;;;;;8562301.98;1.13;0.89;;;;;;;0
CJCT11;Lajes Corporativas;70.00;4;0.00;;;;;;;;;;;;245610921.27;85.58;0.82;;;;;59.00;;1
LFTT11;Residencial;82.50;1099;0.75;;;;;;;;;;;;35076443.31;47.37;1.74;;;;;;;0
CTXT11;Lajes Corporativas;12.52;98;0.09;0.39;0.78;1.36;5.53;0.26;0.23;0.46;1.36;-2.58;-2.20;-39.31;114700976.77;39.51;0.32;;;;;97.00;;1
SRVD11;Títulos e Val Mob;8.77;1;0.10;1.01;0.00;0.00;0.00;0.00;0.00;0.00;1.01;0.00;1.01;1.01;71523940.84;0.74;11.81;;;;;;;0
RBIR11;Residencial;65.11;477;0.00;0.00;0.00;0.00;0.00;0.00;0.00;0.00;0.00;0.00;0.00;0.00;146580170.57;95.89;0.68;;;;;;;0
CARE11;Híbrido;3.55;1480;0.00;0.23;0.66;1.36;1.60;0.22;0.23;0.13;1.36;-2.63;-2.41;5.65;291927750.90;8.16;0.43;;;;;;;0
RBGS11;Shoppings;28.45;5157;0.18;0.62;1.59;2.73;5.12;0.53;0.46;0.43;5.12;-1.90;-1.29;-28.71;97865283.71;90.78;0.31;0.18;0.00;0.18;1.17;13.00;;1
IBFF11;Títulos e Val Mob;3.08;2400;0.30;0.44;2.01;4.58;9.52;0.67;0.76;0.79;5.42;7.50;7.98;19.59;9855905.16;14.78;0.21;;;;;;;0
IBFF11;Títulos e Val Mob;3.08;1300;0.30;0.44;2.01;4.58;9.52;0.67;0.76;0.79;5.42;7.50;7.98;19.59;9855905.16;14.78;0.21;;;;;;;0
YUFI11B;Residencial;96.00;11;0.63;0.00;0.00;0.00;0.00;0.00;0.00;0.00;;0.00;0.00;0.00;41676929.76;105.47;0.91;;;;;;;0
YUFI11B;Residencial;95.99;2645;0.63;0.00;0.00;0.00;0.00;0.00;0.00;0.00;;0.00;0.00;0.00;41676929.76;105.47;0.91;;;;;;;0
YUFI11B;Residencial;95.48;6092;0.63;0.00;0.00;0.00;0.00;0.00;0.00;0.00;;0.00;0.00;0.00;41676929.76;105.47;0.91;;;;;;;0
YUFI11B;Residencial;95.10;5394;0.63;0.00;0.00;0.00;0.00;0.00;0.00;0.00;;0.00;0.00;0.00;41676929.76;105.47;0.90;;;;;;;0
YUFI11B;Residencial;95.42;2129;0.63;0.00;0.00;0.00;0.00;0.00;0.00;0.00;;0.00;0.00;0.00;41676929.76;105.47;0.90;;;;;;;0
YUFI11B;Residencial;95.44;2060;0.63;0.00;0.00;0.00;0.00;0.00;0.00;0.00;;0.00;0.00;0.00;41676929.76;105.47;0.90;;;;;;;0
YUFI11B;Residencial;95.38;2455;0.63;0.00;0.00;0.00;0.00;0.00;0.00;0.00;;0.00;0.00;0.00;41676929.76;105.47;0.90;;;;;;;0
YUFI11B;Residencial;95.41;3382;0.63;0.00;0.00;0.00;0.00;0.00;0.00;0.00;;0.00;0.00;0.00;41676929.76;105.47;0.90;;;;;;;0
YUFI11B;Residencial;95.60;4351;0.63;0.00;0.00;0.00;0.00;0.00;0.00;0.00;;0.00;0.00;0.00;41676929.76;105.47;0.91;;;;;;;0
CORM11;Híbrido;99.21;312;0.77;0.90;2.76;5.35;11.38;0.92;0.89;0.95;6.20;-2.97;-2.10;-4.27;92123992.72;90.56;1.10;0.89;-2.33;-1.45;0.21;;;0
CORM11;Híbrido;99.38;27987;0.77;0.90;2.76;5.35;11.38;0.92;0.89;0.95;6.20;-2.97;-2.10;-4.27;92123992.72;90.56;1.10;0.89;-2.33;-1.45;0.21;;;0
CORM11;Híbrido;99.51;14665;0.77;0.90;2.76;5.35;11.38;0.92;0.89;0.95;6.20;-2.97;-2.10;-4.27;92123992.72;90.56;1.10;0.89;-2.33;-1.45;0.21;;;0
CORM11;Híbrido;99.53;17830;0.77;0.90;2.76;5.35;11.38;0.92;0.89;0.95;6.20;-2.97;-2.10;-4.27;92123992.72;90.56;1.10;0.89;-2.33;-1.45;0.21;;;0
CORM11;Híbrido;99.51;13839;0.77;0.90;2.76;5.35;11.38;0.92;0.89;0.95;6.20;-2.97;-2.10;-4.27;92123992.72;90.56;1.10;0.89;-2.33;-1.45;0.21;;;0
CORM11;Híbrido;99.54;16131;0.77;0.90;2.76;5.35;11.38;0.92;0.89;0.95;6.20;-2.97;-2.10;-4.27;92123992.72;90.56;1.10;0.89;-2.33;-1.45;0.21;;;0
CORM11;Híbrido;99.50;13368;0.77;0.90;2.76;5.35;11.38;0.92;0.89;0.95;6.20;-2.97;-2.10;-4.27;92123992.72;90.56;1.10;0.89;-2.33;-1.45;0.21;;;0
CORM11;Híbrido;99.31;21429;0.77;0.90;2.76;5.35;11.38;0.92;0.89;0.95;6.20;-2.97;-2.10;-4.27;92123992.72;90.56;1.10;0.89;-2.33;-1.45;0.21;;;0
CORM11;Híbrido;99.42;20270;0.77;0.90;2.76;5.35;11.38;0.92;0.89;0.95;6.20;-2.97;-2.10;-4.27;92123992.72;90.56;1.10;0.89;-2.33;-1.45;0.21;;;0
ERCR11;Híbrido;89.10;177;783.96;0.00;0.00;0.00;0.00;0.00;0.00;0.00;;0.00;0.00;0.00;164681982.75;69310.60;0.00;;;;;;;0
ERCR11;Híbrido;89.20;4779;783.96;0.00;0.00;0.00;0.00;0.00;0.00;0.00;;0.00;0.00;0.00;164681982.75;69310.60;0.00;;;;;;;0
ERCR11;Híbrido;88.55;2738;783.96;0.00;0.00;0.00;0.00;0.00;0.00;0.00;;0.00;0.00;0.00;164681982.75;69310.60;0.00;;;;;;;0
ERCR11;Híbrido;89.31;2315;783.96;0.00;0.00;0.00;0.00;0.00;0.00;0.00;;0.00;0.00;0.00;164681982.75;69310.60;0.00;;;;;;;0
ERCR11;Híbrido;88.83;6123;783.96;0.00;0.00;0.00;0.00;0.00;0.00;0.00;;0.00;0.00;0.00;164681982.75;69310.60;0.00;;;;;;;0
ERCR11;Híbrido;88.66;2350;783.96;0.00;0.00;0.00;0.00;0.00;0.00;0.00;;0.00;0.00;0.00;164681982.75;69310.60;0.00;;;;;;;0
ERCR11;Híbrido;88.30;9724;783.96;0.00;0.00;0.00;0.00;0.00;0.00;0.00;;0.00;0.00;0.00;164681982.75;69310.60;0.00;;;;;;;0
ERCR11;Híbrido;88.24;3488;783.96;0.00;0.00;0.00;0.00;0.00;0.00;0.00;;0.00;0.00;0.00;164681982.75;69310.60;0.00;;;;;;;0
QIRI11;Títulos e Val Mob;3.90;1100;0.66;0.86;2.85;5.44;9.60;0.95;0.91;0.80;7.00;6.81;7.72;-8.39;13441852.95;89.61;0.04;;;;;;;0
QIRI11;Títulos e Val Mob;3.99;5400;0.66;0.86;2.85;5.44;9.60;0.95;0.91;0.80;7.00;6.81;7.72;-8.39;13441852.95;89.61;0.04;;;;;;;0
QIRI11;Títulos e Val Mob;4.13;900;0.66;0.86;2.85;5.44;9.60;0.95;0.91;0.80;7.00;6.81;7.72;-8.39;13441852.95;89.61;0.05;;;;;;;0
QIRI11;Títulos e Val Mob;4.11;2600;0.66;0.86;2.85;5.44;9.60;0.95;0.91;0.80;7.00;6.81;7.72;-8.39;13441852.95;89.61;0.05;;;;;;;0
QIRI11;Títulos e Val Mob;4.23;10700;0.66;0.86;2.85;5.44;9.60;0.95;0.91;0.80;7.00;6.81;7.72;-8.39;13441852.95;89.61;0.05;;;;;;;0
QIRI11;Títulos e Val Mob;3.85;13300;0.66;0.86;2.85;5.44;9.60;0.95;0.91;0.80;7.00;6.81;7.72;-8.39;13441852.95;89.61;0.04;;;;;;;0
QIRI11;Títulos e Val Mob;4.10;9700;0.66;0.86;2.85;5.44;9.60;0.95;0.91;0.80;7.00;6.81;7.72;-8.39;13441852.95;89.61;0.05;;;;;;;0
ALZR11;Logística;115.27;7793;0.80;0.67;6.16;8.19;12.05;2.05;1.37;1.00;10.18;1.32;2.00;13.09;740550891.02;106.97;1.08;;;;;0.00;;15
BPML11;Shoppings;66.78;9;0.30;0.44;0.96;2.54;0.00;0.32;0.42;0.00;1.93;0.00;0.44;2.27;532814253.64;123.76;0.54;0.24;-0.77;-0.53;-0.56;5.80;;7
XPML11;Shoppings;101.20;27131;0.75;0.72;2.10;4.25;8.26;0.70;0.71;0.69;6.25;0.28;1.00;18.18;1904472618.71;101.94;0.99;;;;;3.90;;16
FCFL11;Outros;114.70;1776;0.76;0.62;2.07;4.23;8.65;0.69;0.71;0.72;6.42;2.40;3.03;14.92;3646833.44;104.80;1.09;;;;;0.00;;1
AFOF11;Títulos e Val Mob;91.60;768;1.08;1.18;3.57;7.22;13.48;1.19;1.20;1.12;10.43;0.00;1.18;12.90;68114246.62;98.55;0.93;;;;;;;0
BTAL11;Outros;95.90;11803;0.83;0.83;2.52;5.10;10.21;0.84;0.85;0.85;7.61;0.15;0.98;14.64;63623558.30;106.35;0.90;;;;;;;7
MORC11;Títulos e Val Mob;93.41;4223;1.10;1.17;3.80;8.20;14.76;1.27;1.37;1.23;12.26;-0.15;1.02;6.20;126328211.41;97.78;0.96;1.12;-0.90;0.22;1.84;;;0
CNES11;Lajes Corporativas;30.55;1046;0.11;0.35;0.96;1.80;3.65;0.32;0.30;0.30;2.58;-1.82;-1.47;-1.70;257335344.05;87.25;0.35;;;;;56.70;;1
EDGA11;Lajes Corporativas;17.85;983;0.10;0.58;1.44;3.80;7.27;0.48;0.63;0.61;5.97;-7.65;-7.11;-12.55;252184157.67;66.15;0.27;0.16;-0.02;0.14;0.51;48.81;;1
RBHG11;Títulos e Val Mob;87.14;3096;1.15;1.31;4.05;8.65;16.48;1.35;1.44;1.37;13.49;-0.98;0.31;13.21;16169672.19;93.23;0.93;1.23;-1.91;-0.70;9.48;;;0
CXTL11;Logística;370.00;51;1.39;0.35;0.76;1.47;3.78;0.25;0.25;0.32;1.02;3.10;3.46;-2.22;37512723.38;699.90;0.53;0.20;4.22;4.43;0.17;61.00;;3
MFAI11;Híbrido;63.25;272;0.71;1.04;3.12;5.37;12.46;1.04;0.90;1.04;10.23;2.72;3.79;0.83;24445991.28;77.34;0.82;0.92;-2.51;-1.62;2.20;;;0
MALL11;Shoppings;103.32;28320;0.78;0.71;2.15;4.32;8.64;0.72;0.72;0.72;7.22;2.18;2.90;22.65;802686674.37;106.17;0.97;0.73;-1.69;-0.97;1.61;4.00;;8
PVBI11;Lajes Corporativas;91.96;23330;0.57;0.59;1.77;3.56;7.32;0.59;0.59;0.61;4.81;0.00;0.59;17.07;994573877.89;99.07;0.93;0.58;0.01;0.58;2.85;0.10;;4
VILG11;Logística;99.81;21339;0.72;0.66;1.99;4.21;8.37;0.66;0.70;0.70;6.98;1.24;1.91;14.42;1709654647.40;114.00;0.88;0.63;0.03;0.66;6.47;0.00;;16
FPAB11;Lajes Corporativas;184.00;32;1.65;0.82;2.34;4.71;8.80;0.78;0.78;0.73;7.47;-3.39;-2.60;-1.61;307820623.86;410.43;0.45;0.40;0.00;0.40;4.11;33.79;;1
MFII11;Híbrido;95.14;2856;1.11;1.12;3.38;6.83;13.49;1.13;1.14;1.12;11.19;2.31;3.46;0.09;418570981.13;100.94;0.94;1.10;-0.63;0.47;3.28;;;9
RZAG11;Títulos e Val Mob;9.97;408370;0.13;1.25;4.00;7.88;0.00;1.33;1.31;0.00;12.37;3.28;4.57;19.63;65031700.88;9.56;1.04;1.36;0.26;1.63;12.47;;;0
VRTA11;Títulos e Val Mob;92.77;21955;1.00;1.04;3.28;6.91;13.92;1.09;1.15;1.16;11.56;2.33;3.40;2.62;1274181579.71;94.13;0.99;1.06;0.43;1.50;10.41;;;0
XPCA11;Títulos e Val Mob;9.98;128890;0.14;1.37;4.00;8.13;0.00;1.33;1.36;0.00;13.07;0.00;1.37;20.82;203824165.66;9.49;1.05;1.48;-0.14;1.34;12.47;;;0
EVBI11;Híbrido;97.75;580;0.75;0.76;2.28;4.58;9.30;0.76;0.76;0.77;6.20;0.00;0.76;13.21;14174315.71;100.93;0.97;0.74;0.45;1.20;7.66;0.00;;4
VGHF11;Títulos e Val Mob;9.04;324113;0.09;0.95;3.08;7.01;16.07;1.03;1.17;1.34;12.76;-2.16;-1.23;5.03;683683787.87;9.38;0.96;0.96;0.44;1.40;13.19;;;0
BLCP11;Outros;91.00;123;0.56;0.62;1.72;3.46;6.64;0.57;0.58;0.55;5.31;-0.54;0.08;19.93;256580339.90;111.74;0.81;0.50;-0.02;0.49;15.81;6.20;;2
FLRP11;Shoppings;1575.00;13;9.83;0.64;1.93;4.36;8.42;0.64;0.73;0.70;6.67;0.00;0.64;35.98;11275844.56;1728.57;0.91;0.57;0.06;0.63;3.95;2.01;;1
XPPR11;Outros;38.47;11975;0.30;0.72;2.05;4.31;9.09;0.68;0.72;0.76;7.35;0.00;0.72;-30.47;546735173.05;74.73;0.51;0.40;-1.21;-0.82;-4.08;46.00;0.00;4
ABCP11;Shoppings;71.06;502;0.55;0.73;2.15;4.52;9.44;0.72;0.75;0.79;7.70;0.00;0.73;9.36;1122584730.69;91.99;0.77;0.60;0.07;0.67;6.61;7.50;;1
BARI11;Títulos e Val Mob;92.00;12217;1.00;1.05;3.17;7.49;14.42;1.06;1.25;1.20;11.94;0.00;1.05;1.97;464971328.57;100.33;0.92;1.00;-0.61;0.38;7.97;;;0
JGPX11;Híbrido;96.85;630;1.12;1.15;3.60;7.03;0.00;1.20;1.17;0.00;11.70;0.00;1.15;12.46;8139249.67;95.97;1.01;1.17;0.08;1.25;10.88;;;0
QAGR11;Outros;46.00;5920;0.41;0.86;2.60;5.11;9.74;0.87;0.85;0.81;6.67;0.00;0.86;1.28;281721999.70;55.90;0.82;0.73;0.10;0.84;-2.31;;;12
HAAA11;Lajes Corporativas;87.75;1;0.54;0.63;1.87;3.71;7.12;0.62;0.62;0.59;5.98;0.00;0.63;-4.71;31285354.54;90.33;0.97;0.60;0.13;0.73;1.12;17.00;;1
ITIP11;Títulos e Val Mob;80.65;368;0.76;0.94;3.17;6.90;14.01;1.06;1.15;1.17;11.65;0.00;0.94;11.15;62346732.01;83.33;0.97;0.91;-0.16;0.75;4.68;;;0
RBHY11;Títulos e Val Mob;94.40;1797;1.26;1.30;4.06;8.54;17.01;1.35;1.42;1.42;13.48;0.00;1.30;8.09;180393192.28;95.27;0.99;1.32;-1.08;0.23;12.06;;;0
PATL11;Híbrido;75.74;9037;0.58;0.73;2.19;4.49;9.18;0.73;0.75;0.77;7.52;0.00;0.73;13.73;489688100.82;98.10;0.77;0.59;0.01;0.60;6.22;0.00;0.00;4
CXCE11B;Outros;40.63;669;0.46;1.08;2.91;5.65;10.84;0.97;0.94;0.90;9.11;0.00;1.08;2.36;11130391.29;64.82;0.63;0.71;-0.59;0.11;-1.34;0.00;;1
HGBS11;Shoppings;189.92;8225;1.35;0.65;1.90;4.12;8.05;0.63;0.69;0.67;6.81;0.00;0.65;33.30;218346286.61;218.35;0.87;0.62;-0.01;0.61;7.55;6.50;;17
BBGO11;Títulos e Val Mob;84.46;3609;1.00;1.18;2.98;5.57;0.00;0.99;0.93;0.00;7.22;0.00;1.18;4.16;392249829.74;97.94;0.86;1.02;-0.09;0.93;8.10;;;0
FIIB11;Híbrido;460.02;709;3.70;0.76;2.28;4.57;8.97;0.76;0.76;0.75;5.99;0.00;0.76;10.77;312437587.98;456.11;1.01;0.81;-0.06;0.75;6.83;6.28;;1
GALG11;Híbrido;9.31;522864;0.08;0.86;2.55;5.13;10.20;0.85;0.86;0.85;9.39;0.00;0.86;-98.91;584291907.19;10.16;0.92;0.81;0.19;1.00;-89.34;0.00;0.00;6
VJFD11;Híbrido;96.00;1745;1.01;0.00;0.00;0.00;0.00;0.00;0.00;0.00;;0.00;0.00;0.00;647504605.91;132.79;0.72;0.76;0.04;0.80;1.61;;;0
VJFD11;Híbrido;96.26;5104;1.01;0.00;0.00;0.00;0.00;0.00;0.00;0.00;;0.00;0.00;0.00;647504605.91;132.79;0.72;0.76;0.04;0.80;1.61;;;0
VJFD11;Híbrido;96.30;7905;1.01;0.00;0.00;0.00;0.00;0.00;0.00;0.00;;0.00;0.00;0.00;647504605.91;132.79;0.73;0.76;0.04;0.80;1.61;;;0
VJFD11;Híbrido;96.35;6155;1.01;0.00;0.00;0.00;0.00;0.00;0.00;0.00;;0.00;0.00;0.00;647504605.91;132.79;0.73;0.76;0.04;0.80;1.61;;;0
VJFD11;Híbrido;96.25;4742;1.01;0.00;0.00;0.00;0.00;0.00;0.00;0.00;;0.00;0.00;0.00;647504605.91;132.79;0.72;0.76;0.04;0.80;1.61;;;0
VJFD11;Híbrido;96.25;3924;1.01;0.00;0.00;0.00;0.00;0.00;0.00;0.00;;0.00;0.00;0.00;647504605.91;132.79;0.72;0.76;0.04;0.80;1.61;;;0
VJFD11;Híbrido;96.33;2746;1.01;0.00;0.00;0.00;0.00;0.00;0.00;0.00;;0.00;0.00;0.00;647504605.91;132.79;0.73;0.76;0.04;0.80;1.61;;;0
VJFD11;Híbrido;96.32;5410;1.01;0.00;0.00;0.00;0.00;0.00;0.00;0.00;;0.00;0.00;0.00;647504605.91;132.79;0.73;0.76;0.04;0.80;1.61;;;0
FVPQ11;Shoppings;108.51;292;0.57;0.49;1.75;3.67;7.82;0.58;0.61;0.65;6.57;0.00;0.49;21.97;556259429.91;198.65;0.55;0.29;0.18;0.47;4.12;5.50;;1
NVHO11;Hospital;10.10;75;0.08;0.80;2.31;4.34;7.75;0.77;0.72;0.65;5.21;5.32;6.16;6.53;52913250.25;12.75;0.79;0.66;0.10;0.76;5.61;;;1
RNDP11;Títulos e Val Mob;159.99;71;2.14;0.84;2.51;5.63;10.46;0.84;0.94;0.87;9.13;-2.21;-1.39;-53.22;34519994.07;321.17;0.50;0.67;-0.57;0.09;-48.64;;;0
HCHG11;Outros;86.00;9;1.00;1.13;3.48;6.68;12.25;1.16;1.11;1.02;10.51;3.47;4.63;11.52;120541835.89;100.45;0.86;1.00;-1.93;-0.96;12.47;;;0
KNRI11;Híbrido;140.34;21516;0.91;0.63;1.82;3.76;7.41;0.61;0.63;0.62;6.19;-3.74;-3.14;16.78;3871638686.32;160.27;0.88;0.57;0.11;0.68;7.35;2.00;6.72;20
SPTW11;Lajes Corporativas;40.91;2173;0.40;0.92;2.77;5.58;10.88;0.92;0.93;0.91;9.17;1.07;2.00;5.09;95530136.48;53.13;0.77;0.75;0.13;0.89;7.78;0.00;;1
PLOG11;Logística;76.00;642;0.75;0.94;2.84;6.06;12.27;0.95;1.01;1.02;10.30;1.00;1.96;17.51;75314540.46;100.42;0.76;0.75;0.04;0.79;7.99;20.40;;1
VIUR11;Títulos e Val Mob;7.84;48400;0.07;0.91;2.65;5.63;11.34;0.88;0.94;0.94;9.49;-2.34;-1.45;-88.52;256568105.47;9.52;0.82;0.76;0.27;1.03;-89.38;0.00;;6
RBRD11;Híbrido;36.98;803;0.30;0.76;2.22;4.85;10.05;0.74;0.81;0.84;9.22;-3.30;-2.56;0.06;126635437.89;68.39;0.54;0.44;-0.53;-0.10;0.34;15.52;;4
LUGG11;Residencial;75.02;662;0.52;0.67;2.03;4.10;8.10;0.68;0.68;0.67;6.84;-1.89;-1.23;-4.74;11500530.01;127.78;0.59;0.41;-0.10;0.31;6.87;2.40;;4
SADI11;Títulos e Val Mob;90.40;5332;1.05;1.16;3.51;6.97;12.37;1.17;1.16;1.03;10.83;-0.28;0.88;11.71;318287669.07;100.08;0.90;1.05;0.15;1.20;9.73;;;0
TGAR11;Outros;122.12;28456;1.55;1.25;3.78;7.74;14.16;1.26;1.29;1.18;12.09;-1.01;0.22;14.09;132280951.32;116.96;1.04;1.33;-1.87;-0.57;-0.27;;;0
HBRH11;Híbrido;94.08;173;0.61;0.64;2.04;4.39;10.50;0.68;0.73;0.87;7.89;0.81;1.45;14.72;313750423.60;113.18;0.83;0.54;0.01;0.55;6.80;;;3
HLOG11;Logística;87.15;1075;0.65;0.69;2.03;4.27;8.42;0.68;0.71;0.70;7.10;-3.50;-2.84;8.25;472300435.89;111.13;0.78;0.58;0.03;0.61;4.59;58.00;0.00;3
RBCO11;Lajes Corporativas;44.00;2717;0.20;0.45;1.50;4.23;8.64;0.50;0.70;0.72;7.12;5.64;6.12;-15.03;340942316.64;90.22;0.49;0.22;1.03;1.25;-7.08;46.00;50.00;4
VOTS11;Títulos e Val Mob;83.47;116;0.77;0.92;2.94;7.15;14.02;0.98;1.19;1.17;12.25;-3.35;-2.47;12.65;78573550.61;94.91;0.88;0.81;0.55;1.37;8.57;;;0
JFLL11;Residencial;66.25;2128;0.62;0.86;2.51;5.23;10.19;0.84;0.87;0.85;8.46;-0.70;0.15;-0.40;150748622.50;100.46;0.66;0.62;0.03;0.65;6.74;28.00;;2
HUSI11;Hospital;91.23;32;7.87;0.69;0.00;0.00;0.00;0.00;0.00;0.00;2.24;1.24;1.94;8.84;116353437.37;999.93;0.09;0.79;0.84;1.63;4.28;;;0
HUSI11;Hospital;91.22;1350;7.87;0.69;0.00;0.00;0.00;0.00;0.00;0.00;2.24;1.24;1.94;8.84;116353437.37;999.93;0.09;0.79;0.84;1.63;4.28;;;0
HUSI11;Hospital;91.10;1476;7.87;0.69;0.00;0.00;0.00;0.00;0.00;0.00;2.24;1.24;1.94;8.84;116353437.37;999.93;0.09;0.79;0.84;1.63;4.28;;;0
HUSI11;Hospital;91.13;1247;7.87;0.69;0.00;0.00;0.00;0.00;0.00;0.00;2.24;1.24;1.94;8.84;116353437.37;999.93;0.09;0.79;0.84;1.63;4.28;;;0
HUSI11;Hospital;91.36;2510;7.87;0.69;0.00;0.00;0.00;0.00;0.00;0.00;2.24;1.24;1.94;8.84;116353437.37;999.93;0.09;0.79;0.84;1.63;4.28;;;0
HUSI11;Hospital;91.50;1800;7.87;0.69;0.00;0.00;0.00;0.00;0.00;0.00;2.24;1.24;1.94;8.84;116353437.37;999.93;0.09;0.79;0.84;1.63;4.28;;;0
HUSI11;Hospital;91.45;3516;7.87;0.69;0.00;0.00;0.00;0.00;0.00;0.00;2.24;1.24;1.94;8.84;116353437.37;999.93;0.09;0.79;0.84;1.63;4.28;;;0
HUSI11;Hospital;91.75;2259;7.87;0.69;0.00;0.00;0.00;0.00;0.00;0.00;2.24;1.24;1.94;8.84;116353437.37;999.93;0.09;0.79;0.84;1.63;4.28;;;0
HUSI11;Hospital;91.96;7606;7.87;0.69;0.00;0.00;0.00;0.00;0.00;0.00;2.24;1.24;1.94;8.84;116353437.37;999.93;0.09;0.79;0.84;1.63;4.28;;;0
PLRI11;Títulos e Val Mob;24.99;160;0.14;0.62;2.27;4.15;11.97;0.76;0.69;1.00;10.95;-7.09;-6.52;-33.91;31796945.66;33.32;0.75;0.42;-0.75;-0.34;-13.40;;;0
BBRC11;Outros;93.41;706;0.99;0.99;2.92;5.90;11.53;0.97;0.98;0.96;9.67;-0.22;0.77;10.02;169678849.01;106.72;0.88;0.93;-0.09;0.84;8.39;5.37;1.08;20
IDFI11;Híbrido;61.92;18;0.23;0.37;2.21;6.88;0.00;0.74;1.15;0.00;12.08;-1.88;-1.52;-31.43;133754466.82;64.99;0.95;0.61;-2.37;-1.78;-11.61;;;0
RRCI11;Títulos e Val Mob;84.36;358;1.00;1.20;3.83;8.22;16.17;1.28;1.37;1.35;13.78;-3.05;-1.88;11.52;46186699.52;95.87;0.88;1.04;-0.39;0.65;11.40;;;0
ATSA11;Shoppings;80.08;1;0.05;0.07;0.31;0.92;2.82;0.10;0.15;0.24;0.13;-5.04;-4.97;-4.91;158178977.87;90.33;0.89;0.06;0.10;0.16;0.61;21.90;;1
VTLT11;Logística;90.01;1066;0.83;0.85;2.58;5.33;10.48;0.86;0.89;0.87;8.90;1.24;2.11;16.11;217690860.62;102.93;0.87;0.81;0.05;0.85;7.99;0.00;0.00;1
RBRS11;Híbrido;63.89;1541;0.43;0.70;1.97;4.50;8.48;0.66;0.75;0.71;7.19;-2.32;-1.64;-1.85;155438181.69;89.63;0.71;0.48;-0.06;0.42;-0.06;;;0
BCRI11;Títulos e Val Mob;97.68;8748;1.00;0.98;3.27;7.20;14.17;1.09;1.20;1.18;11.81;-0.78;0.19;3.75;647665969.70;103.50;0.94;1.06;-1.08;-0.03;6.99;;;0
TEPP11;Lajes Corporativas;75.00;4355;0.50;0.63;1.80;3.94;8.06;0.60;0.66;0.67;6.66;-5.71;-5.12;16.30;380210556.08;90.06;0.83;0.54;0.00;0.55;3.30;9.06;18.03;5
BPFF11;Títulos e Val Mob;66.17;4203;0.62;0.90;2.90;6.44;11.99;0.97;1.07;1.00;10.17;-0.61;0.29;11.15;351643821.51;78.28;0.85;0.79;-0.75;0.03;7.83;;;0
PATC11;Lajes Corporativas;69.75;973;0.40;0.52;1.53;3.84;6.63;0.51;0.64;0.55;5.68;1.29;1.82;23.45;296296737.34;85.21;0.82;0.47;-0.54;-0.08;2.28;21.90;18.90;6
PLCR11;Híbrido;85.81;6258;1.10;1.27;3.87;7.99;15.14;1.29;1.33;1.26;12.80;3.07;4.38;11.51;194800422.99;92.36;0.93;1.19;0.35;1.54;9.68;;;0
APTO11;Híbrido;8.90;4139;0.09;0.99;3.26;6.98;0.00;1.09;1.16;0.00;11.08;0.77;1.77;0.92;4031344.83;10.05;0.89;0.90;0.04;0.93;12.89;;;0
SPVJ11;Outros;69.40;550;0.67;0.96;0.96;0.96;0.96;0.32;0.16;0.08;0.96;0.00;0.96;0.96;73641243.88;116.67;0.59;0.57;8.89;9.51;15.27;;;0
SPVJ11;Outros;69.11;284;0.67;0.96;0.96;0.96;0.96;0.32;0.16;0.08;0.96;0.00;0.96;0.96;73641243.88;116.67;0.59;0.57;8.89;9.51;15.27;;;0
SPVJ11;Outros;69.31;274;0.67;0.96;0.96;0.96;0.96;0.32;0.16;0.08;0.96;0.00;0.96;0.96;73641243.88;116.67;0.59;0.57;8.89;9.51;15.27;;;0
SPVJ11;Outros;69.68;275;0.67;0.96;0.96;0.96;0.96;0.32;0.16;0.08;0.96;0.00;0.96;0.96;73641243.88;116.67;0.60;0.57;8.89;9.51;15.27;;;0
SPVJ11;Outros;69.47;578;0.67;0.96;0.96;0.96;0.96;0.32;0.16;0.08;0.96;0.00;0.96;0.96;73641243.88;116.67;0.60;0.57;8.89;9.51;15.27;;;0
SPVJ11;Outros;69.34;182;0.67;0.96;0.96;0.96;0.96;0.32;0.16;0.08;0.96;0.00;0.96;0.96;73641243.88;116.67;0.59;0.57;8.89;9.51;15.27;;;0
SPVJ11;Outros;69.45;235;0.67;0.96;0.96;0.96;0.96;0.32;0.16;0.08;0.96;0.00;0.96;0.96;73641243.88;116.67;0.60;0.57;8.89;9.51;15.27;;;0
SPVJ11;Outros;69.47;735;0.67;0.96;0.96;0.96;0.96;0.32;0.16;0.08;0.96;0.00;0.96;0.96;73641243.88;116.67;0.60;0.57;8.89;9.51;15.27;;;0
SPVJ11;Outros;69.07;387;0.67;0.96;0.96;0.96;0.96;0.32;0.16;0.08;0.96;0.00;0.96;0.96;73641243.88;116.67;0.59;0.57;8.89;9.51;15.27;;;0
HSLG11;Logística;88.00;11120;0.70;0.75;2.20;4.53;8.69;0.73;0.76;0.72;7.35;-1.53;-0.80;12.45;1332738182.25;105.27;0.84;0.66;-0.03;0.64;0.37;1.10;;5
KNIP11;Títulos e Val Mob;92.15;130321;0.30;0.32;1.32;5.53;13.77;0.44;0.92;1.15;10.88;3.79;4.12;1.23;7792811693.25;96.64;0.95;0.31;0.67;0.98;10.69;;;0
KNCR11;Títulos e Val Mob;99.21;145837;1.10;1.10;3.55;6.76;11.80;1.18;1.13;0.98;10.34;-0.87;0.22;10.94;5594359606.83;100.68;0.99;1.09;-0.16;0.93;10.57;;;0
STRX11;Híbrido;109.95;443;0.79;0.72;0.72;0.72;0.72;0.24;0.12;0.06;0.72;0.00;0.72;0.72;227257906.13;140.84;0.78;0.56;0.00;0.56;5.41;;;0
STRX11;Híbrido;110.00;3438;0.79;0.72;0.72;0.72;0.72;0.24;0.12;0.06;0.72;0.00;0.72;0.72;227257906.13;140.84;0.78;0.56;0.00;0.56;5.41;;;0
STRX11;Híbrido;110.05;2959;0.79;0.72;0.72;0.72;0.72;0.24;0.12;0.06;0.72;0.00;0.72;0.72;227257906.13;140.84;0.78;0.56;0.00;0.56;5.41;;;0
STRX11;Híbrido;110.05;2843;0.79;0.72;0.72;0.72;0.72;0.24;0.12;0.06;0.72;0.00;0.72;0.72;227257906.13;140.84;0.78;0.56;0.00;0.56;5.41;;;0
STRX11;Híbrido;109.97;4744;0.79;0.72;0.72;0.72;0.72;0.24;0.12;0.06;0.72;0.00;0.72;0.72;227257906.13;140.84;0.78;0.56;0.00;0.56;5.41;;;0
STRX11;Híbrido;110.18;2665;0.79;0.72;0.72;0.72;0.72;0.24;0.12;0.06;0.72;0.00;0.72;0.72;227257906.13;140.84;0.78;0.56;0.00;0.56;5.41;;;0
STRX11;Híbrido;109.90;4250;0.79;0.72;0.72;0.72;0.72;0.24;0.12;0.06;0.72;0.00;0.72;0.72;227257906.13;140.84;0.78;0.56;0.00;0.56;5.41;;;0
STRX11;Híbrido;110.00;3685;0.79;0.72;0.72;0.72;0.72;0.24;0.12;0.06;0.72;0.00;0.72;0.72;227257906.13;140.84;0.78;0.56;0.00;0.56;5.41;;;0
VLOL11;Lajes Corporativas;104.01;163;0.61;0.58;1.70;3.47;6.82;0.57;0.58;0.57;5.75;-1.26;-0.69;19.88;184931828.03;103.61;1.00;0.59;0.01;0.60;4.07;0.00;;1
CCRF11;Títulos e Val Mob;97.96;5;0.70;0.74;2.82;6.74;0.00;0.94;1.12;0.00;10.36;3.01;3.77;5.41;1530867.83;97.34;1.01;0.72;0.02;0.74;2.34;;;0
EQIR11;Títulos e Val Mob;9.50;972;0.11;1.12;13.50;16.98;0.00;4.50;2.83;0.00;20.23;0.31;1.43;-87.81;5004574.36;9.95;0.95;;;;;;;0
HGLG11;Logística;163.84;33103;1.10;0.66;1.96;5.29;9.65;0.65;0.88;0.80;7.94;0.00;0.66;5.57;345163433.37;147.15;1.11;0.75;-0.25;0.50;7.58;6.90;6.50;17
BBFO11;Títulos e Val Mob;70.69;3224;0.62;0.85;2.74;6.37;12.33;0.91;1.06;1.03;10.51;-5.95;-5.15;10.96;34417887.42;85.96;0.82;0.72;-1.04;-0.33;8.53;;;0
JSAF11;Títulos e Val Mob;90.49;2295;0.93;0.99;3.09;6.49;0.00;1.03;1.08;0.00;10.88;5.94;6.99;26.64;15434317.09;98.12;0.92;0.95;-1.02;-0.08;10.56;;;0
RNGO11;Lajes Corporativas;47.00;11514;0.43;0.87;2.48;5.12;9.40;0.83;0.85;0.78;8.05;-4.36;-3.53;4.80;23468174.42;87.70;0.54;0.49;0.03;0.52;4.88;24.10;;3
SHPH11;Shoppings;780.00;48;3.80;0.48;1.53;2.96;5.78;0.51;0.49;0.48;4.90;-0.13;0.36;2.13;541387311.55;889.05;0.88;0.43;0.01;0.44;3.62;10.80;;1
CACR11;Híbrido;100.47;4727;1.44;1.43;4.51;7.67;16.05;1.50;1.28;1.34;13.16;-0.11;1.32;6.48;18709335.32;103.47;0.97;1.51;0.27;1.78;35.75;;;0
RBED11;Outros;127.49;995;1.23;0.93;2.76;5.73;11.11;0.92;0.96;0.93;9.42;-0.73;0.20;20.53;301968647.66;141.17;0.90;0.87;0.08;0.95;8.33;0.00;;5
RBVA11;Outros;92.21;7407;1.07;1.11;3.25;6.57;12.16;1.08;1.10;1.01;10.34;-0.32;0.79;8.03;1194298622.96;103.06;0.89;1.04;0.18;1.22;9.95;0.70;;72
HABT11;Títulos e Val Mob;91.26;21799;0.90;0.94;3.09;7.03;14.17;1.03;1.17;1.18;11.64;3.60;4.57;-3.69;809941950.97;99.66;0.92;0.90;-0.60;0.30;14.53;;;0
HSAF11;Títulos e Val Mob;84.40;2082;1.00;1.19;3.56;7.11;14.24;1.19;1.18;1.19;13.18;-1.20;-0.02;-3.26;232861774.14;92.17;0.92;1.08;-0.13;0.95;8.42;;;0
CXAG11;Outros;79.50;2378;0.75;0.93;2.82;5.92;0.00;0.94;0.99;0.00;8.82;0.70;1.64;15.50;241476769.69;115.50;0.69;0.65;0.64;1.29;17.40;;;0
GTWR11;Lajes Corporativas;81.40;5499;0.74;0.88;2.68;5.79;11.22;0.89;0.97;0.94;9.46;3.02;3.93;9.37;1176184659.40;98.02;0.83;0.75;0.02;0.78;7.25;0.00;0.00;1
XPHT11;Hotel;114.00;8;1.60;1.47;3.38;4.59;6.46;1.13;0.76;0.54;4.69;-3.35;-1.94;16.69;358637199.59;94.26;1.21;1.70;0.14;1.84;5.15;64.90;;5
XPLG11;Logística;100.31;38558;0.74;0.69;2.04;4.24;8.29;0.68;0.71;0.69;6.96;-0.68;0.01;16.68;396972945.45;114.27;0.88;0.65;0.05;0.70;10.55;8.80;1.20;13
ARRI11;Títulos e Val Mob;8.97;33434;0.11;1.19;3.93;8.04;16.63;1.31;1.34;1.39;13.29;3.70;4.93;-89.51;108613266.44;9.22;0.97;1.52;-0.68;0.83;-89.02;;;0
RBVO11;Outros;10.98;531;0.03;0.27;0.82;1.54;3.58;0.27;0.26;0.30;2.94;-1.25;-0.98;-7.16;910547.56;17.47;0.63;0.17;1.85;2.02;-22.07;;;0
RDPD11;Títulos e Val Mob;35.60;2188;0.44;1.25;3.44;6.67;12.94;1.15;1.11;1.08;11.25;-29.15;-28.27;-30.46;58132763.28;53.92;0.66;0.82;-1.24;-0.44;0.69;;;0
KINP11;Residencial;9.39;517;0.14;1.47;4.34;11.63;0.00;1.45;1.94;0.00;16.21;-2.32;-0.88;-23.63;3660850.97;5.12;1.83;2.66;-4.09;-1.54;2.66;;;0
LASC11;Shoppings;92.00;16;0.81;0.88;2.20;4.25;7.92;0.73;0.71;0.66;7.27;0.00;0.88;9.91;323242354.39;109.94;0.84;0.74;-2.42;-1.70;1.79;2.40;;3
HTMX11;Hotel;106.46;3255;0.91;0.78;1.58;2.63;5.34;0.53;0.44;0.44;1.58;3.38;4.19;5.02;188283438.93;125.16;0.85;0.72;-0.12;0.60;0.60;65.00;;23
VCRR11;Residencial;74.50;769;0.67;0.89;2.54;5.34;10.74;0.85;0.89;0.90;8.92;-7.07;-6.24;6.47;239991594.89;120.00;0.62;0.56;0.03;0.59;5.46;;;0
KNHY11;Títulos e Val Mob;96.16;34868;0.47;0.47;1.64;5.72;13.46;0.55;0.95;1.12;10.66;3.02;3.51;2.99;1823754510.11;98.63;0.97;0.48;1.05;1.53;11.85;;;0
URPR11;Outros;99.46;40115;1.13;1.11;3.97;8.53;17.64;1.32;1.42;1.47;14.41;0.04;1.15;-2.75;1180250715.71;101.09;0.98;1.12;-0.34;0.78;23.72;;;0
HUSC11;Outros;108.00;10;0.87;0.74;2.44;5.38;8.71;0.81;0.90;0.73;7.71;0.86;1.61;13.52;113469226.80;142.80;0.76;0.65;0.00;0.65;4.03;;;0
NVIF11B;Outros;95.90;88;0.44;0.00;0.00;0.00;0.00;0.00;0.00;0.00;;0.00;0.00;0.00;96965945.92;287.39;0.33;0.15;3.38;3.54;14.24;;;0
NVIF11B;Outros;95.96;971;0.44;0.00;0.00;0.00;0.00;0.00;0.00;0.00;;0.00;0.00;0.00;96965945.92;287.39;0.33;0.15;3.38;3.54;14.24;;;0
NVIF11B;Outros;95.96;1257;0.44;0.00;0.00;0.00;0.00;0.00;0.00;0.00;;0.00;0.00;0.00;96965945.92;287.39;0.33;0.15;3.38;3.54;14.24;;;0
NVIF11B;Outros;96.52;1760;0.44;0.00;0.00;0.00;0.00;0.00;0.00;0.00;;0.00;0.00;0.00;96965945.92;287.39;0.34;0.15;3.38;3.54;14.24;;;0
NVIF11B;Outros;96.14;1449;0.44;0.00;0.00;0.00;0.00;0.00;0.00;0.00;;0.00;0.00;0.00;96965945.92;287.39;0.33;0.15;3.38;3.54;14.24;;;0
NVIF11B;Outros;96.15;1508;0.44;0.00;0.00;0.00;0.00;0.00;0.00;0.00;;0.00;0.00;0.00;96965945.92;287.39;0.33;0.15;3.38;3.54;14.24;;;0
NVIF11B;Outros;95.92;558;0.44;0.00;0.00;0.00;0.00;0.00;0.00;0.00;;0.00;0.00;0.00;96965945.92;287.39;0.33;0.15;3.38;3.54;14.24;;;0
NVIF11B;Outros;95.81;2665;0.44;0.00;0.00;0.00;0.00;0.00;0.00;0.00;;0.00;0.00;0.00;96965945.92;287.39;0.33;0.15;3.38;3.54;14.24;;;0
NVIF11B;Outros;96.20;1534;0.44;0.00;0.00;0.00;0.00;0.00;0.00;0.00;;0.00;0.00;0.00;96965945.92;287.39;0.33;0.15;3.38;3.54;14.24;;;0
NEWL11;Híbrido;98.00;971;0.90;0.89;2.65;6.28;11.57;0.88;1.05;0.96;9.44;-0.79;0.10;8.13;246735393.74;121.36;0.81;0.74;0.12;0.86;13.25;0.00;;2
LVBI11;Logística;102.00;12823;0.75;0.69;2.11;4.32;8.64;0.70;0.72;0.72;5.76;0.00;0.69;21.62;1360519943.04;115.54;0.88;0.65;0.04;0.69;3.82;0.50;0.00;10
HSRE11;Híbrido;101.50;4;0.63;0.62;1.88;3.63;7.32;0.63;0.60;0.61;5.87;-0.15;0.48;6.92;819700436.58;96.23;1.05;0.65;0.06;0.71;5.18;0.00;;29
JPPA11;Títulos e Val Mob;104.50;3425;1.50;1.43;4.45;10.04;18.75;1.48;1.67;1.56;16.08;-1.19;0.23;26.01;70328481.77;99.77;1.05;1.50;0.38;1.89;11.01;;;0
RZTR11;Híbrido;99.18;45177;1.25;1.22;3.61;7.28;14.57;1.20;1.21;1.21;13.34;-1.89;-0.70;12.49;17566603.90;97.31;1.02;1.28;-0.23;1.05;8.97;;;10
QAMI11;Híbrido;81.88;127;0.80;0.95;3.04;7.26;15.39;1.01;1.21;1.28;12.19;-0.17;0.78;-4.25;74533196.45;93.00;0.88;0.86;0.77;1.64;11.52;;;0
BICR11;Títulos e Val Mob;97.26;2;1.01;0.99;2.52;4.60;9.00;0.84;0.77;0.75;7.72;-0.03;0.96;16.73;50440663.35;100.88;0.96;1.00;0.40;1.41;9.28;;;0
OUJP11;Títulos e Val Mob;95.95;3962;1.20;1.26;3.86;8.28;15.87;1.29;1.38;1.32;13.65;2.38;3.67;19.50;328901361.47;101.13;0.95;1.19;0.26;1.45;13.54;;;0
HGRE11;Lajes Corporativas;130.00;12700;0.78;0.57;1.67;3.51;8.32;0.56;0.58;0.69;5.73;-0.54;0.02;10.23;1911617481.95;161.76;0.80;0.48;-0.06;0.42;1.72;27.13;29.17;21
LGCP11;Logística;83.36;5352;0.62;0.73;2.19;4.55;8.93;0.73;0.76;0.74;7.55;-0.91;-0.19;10.84;280859966.59;102.77;0.81;0.60;0.60;1.21;6.87;0.50;;5
NSLU11;Hospital;165.69;2776;1.41;0.87;1.66;3.92;9.06;0.55;0.65;0.76;2.42;0.00;0.87;15.00;251770972.69;194.68;0.85;0.72;0.06;0.78;2.27;0.00;;1
FIIP11B;Logística;150.04;665;1.35;0.85;2.50;5.06;9.75;0.83;0.84;0.81;8.21;-1.00;-0.16;4.54;172824415.02;186.40;0.80;0.72;0.08;0.81;-0.48;0.00;;7
KFOF11;Títulos e Val Mob;83.10;6430;0.72;0.80;2.40;5.11;10.03;0.80;0.85;0.84;8.55;-2.27;-1.48;28.48;44627322.58;98.39;0.84;0.73;-1.84;-1.12;12.53;;;0
HGIC11;Títulos e Val Mob;106.37;3748;1.21;1.13;3.10;6.00;11.90;1.03;1.00;0.99;9.78;1.42;2.56;11.24;33581846.82;116.44;0.91;1.04;0.78;1.82;18.39;;;0
CRFF11;Títulos e Val Mob;74.68;11;0.63;0.80;2.45;5.20;9.69;0.82;0.87;0.81;8.34;4.65;5.49;22.96;61877632.14;89.67;0.83;0.70;-0.90;-0.21;11.06;;;0
ITIT11;Títulos e Val Mob;79.48;980;0.58;0.71;2.17;4.53;9.05;0.72;0.75;0.75;7.60;0.00;0.71;21.95;76173259.19;84.59;0.94;0.69;-1.74;-1.07;12.68;;;0
XPCM11;Lajes Corporativas;15.10;3448;0.15;0.87;2.40;5.44;10.69;0.80;0.91;0.89;9.23;0.00;0.87;-1.73;125394127.99;51.93;0.29;0.29;-0.59;-0.30;-2.53;100.00;;1
BTRA11;Outros;85.91;6244;0.80;0.92;2.46;5.11;10.65;0.82;0.85;0.89;7.85;0.00;0.92;-4.00;347696797.12;103.34;0.83;0.77;-0.69;0.08;3.71;;;0
VIFI11;Títulos e Val Mob;7.43;28055;0.06;0.80;2.39;4.98;10.11;0.80;0.83;0.84;8.40;0.00;0.80;5.08;75800518.38;9.37;0.79;0.64;-0.77;-0.14;-68.07;;;0
BTWR11;Lajes Corporativas;105.49;1600;0.42;0.40;1.22;2.13;3.16;0.41;0.35;0.26;3.16;0.00;0.40;1.75;90324451.30;111.61;0.95;0.43;0.07;0.51;6.17;12.00;;1
BTSG11;Híbrido;100.00;1;0.87;0.86;1.72;1.72;0.00;0.57;0.29;0.00;1.72;0.00;0.86;1.73;103341425.67;133.34;0.75;0.65;0.00;0.65;5.34;;;0
TRXF11;Outros;104.81;22971;0.85;0.78;2.33;5.08;9.98;0.78;0.85;0.83;8.27;0.00;0.78;17.10;895339591.18;100.81;1.04;0.84;-2.12;-1.30;8.77;0.00;;44
HPDP11;Shoppings;78.20;127;0.55;0.69;1.84;3.47;6.79;0.61;0.58;0.57;5.65;0.00;0.69;0.50;275950685.39;94.87;0.82;0.58;-0.12;0.46;5.11;2.00;;1
HFOF11;Títulos e Val Mob;74.00;22811;0.62;0.78;2.37;4.94;9.56;0.79;0.82;0.80;8.07;0.00;0.78;8.90;1977685141.08;85.99;0.86;0.72;-1.48;-0.77;9.06;;;0
HOSI11;Híbrido;62.61;3;0.44;0.68;2.01;3.69;7.19;0.67;0.62;0.60;5.69;0.00;0.68;-7.18;53303825.45;92.95;0.67;0.47;0.20;0.67;4.60;;;2
JSRE11;Híbrido;76.64;37732;0.49;0.57;1.70;3.62;7.68;0.57;0.60;0.64;6.28;0.00;0.57;15.09;2355350509.30;113.42;0.68;0.43;-0.11;0.32;3.89;14.80;13.40;5
VSHO11;Shoppings;73.99;125;0.53;0.71;2.14;4.56;8.97;0.71;0.76;0.75;7.52;0.00;0.71;2.98;207312946.11;98.78;0.75;0.54;0.67;1.21;2.73;12.96;;3
VISC11;Shoppings;105.01;22574;0.75;0.67;1.96;4.05;8.20;0.65;0.67;0.68;6.78;0.00;0.67;20.05;234614659.41;114.97;0.91;0.65;0.21;0.86;5.26;8.30;;15
RFOF11;Títulos e Val Mob;71.71;1081;0.73;0.95;2.81;5.69;11.13;0.94;0.95;0.93;9.36;0.00;0.95;14.40;92461368.65;85.76;0.84;0.85;-1.09;-0.25;6.65;;;0
KCRE11;Renda;90.90;4008;0.35;0.37;0.00;0.00;0.00;0.00;0.00;0.00;0.73;0.00;0.37;6.03;36338485.47;100.94;0.90;0.35;0.22;0.57;3.06;;;0
ERCR11;Híbrido;89.10;177;139.45;0.00;0.00;0.00;0.00;0.00;0.00;0.00;;0.00;0.00;0.00;164681982.75;69310.60;0.00;;;;;;;0
ERCR11;Híbrido;89.20;4779;139.45;0.00;0.00;0.00;0.00;0.00;0.00;0.00;;0.00;0.00;0.00;164681982.75;69310.60;0.00;;;;;;;0
ERCR11;Híbrido;88.55;2738;139.45;0.00;0.00;0.00;0.00;0.00;0.00;0.00;;0.00;0.00;0.00;164681982.75;69310.60;0.00;;;;;;;0
ERCR11;Híbrido;89.31;2315;139.45;0.00;0.00;0.00;0.00;0.00;0.00;0.00;;0.00;0.00;0.00;164681982.75;69310.60;0.00;;;;;;;0
ERCR11;Híbrido;88.83;6123;139.45;0.00;0.00;0.00;0.00;0.00;0.00;0.00;;0.00;0.00;0.00;164681982.75;69310.60;0.00;;;;;;;0
ERCR11;Híbrido;88.66;2350;139.45;0.00;0.00;0.00;0.00;0.00;0.00;0.00;;0.00;0.00;0.00;164681982.75;69310.60;0.00;;;;;;;0
ERCR11;Híbrido;88.30;9724;139.45;0.00;0.00;0.00;0.00;0.00;0.00;0.00;;0.00;0.00;0.00;164681982.75;69310.60;0.00;;;;;;;0
ERCR11;Híbrido;88.24;3488;139.45;0.00;0.00;0.00;0.00;0.00;0.00;0.00;;0.00;0.00;0.00;164681982.75;69310.60;0.00;;;;;;;0
VVPR11;Híbrido;101.50;2211;0.89;0.88;2.47;4.88;9.73;0.82;0.81;0.81;6.57;2.01;2.91;15.95;22632234.18;98.03;1.04;;;;;0.00;;6
BRCO11;Logística;100.22;32334;0.70;0.64;1.92;4.01;7.86;0.64;0.67;0.66;6.56;0.00;0.64;20.18;1760902381.70;119.15;0.84;0.59;0.07;0.65;5.56;0.00;0.00;10
BNFS11;Outros;121.21;393;1.51;1.21;3.65;7.30;13.67;1.22;1.22;1.14;11.54;0.00;1.21;10.48;69475822.86;99.25;1.22;1.53;0.00;1.53;12.03;0.00;;18
VINO11;Lajes Corporativas;47.89;21221;0.34;0.68;2.03;4.27;8.90;0.68;0.71;0.74;7.03;0.00;0.68;3.82;896802385.02;54.14;0.88;0.63;0.47;1.10;3.98;4.20;;9
PQDP11;Shoppings;2130.01;45;18.55;0.82;2.34;4.49;8.69;0.78;0.75;0.72;6.06;0.00;0.82;17.22;813169973.83;3312.13;0.64;0.56;-0.03;0.53;1.13;3.60;;1
BBFI11B;Lajes Corporativas;1910.98;141;26.88;1.41;4.13;8.47;16.31;1.38;1.41;1.36;13.34;0.00;1.41;-5.07;375984464.64;2892.19;0.66;0.92;0.23;1.15;5.45;39.11;;2
BBPO11;Lajes Corporativas;90.85;15908;0.92;0.99;3.01;6.34;12.25;1.00;1.06;1.02;10.31;0.00;0.99;9.45;1596823411.70;100.30;0.91;0.92;0.11;1.03;14.72;0.00;0.00;64
RBLG11;Logística;98.50;21;0.88;0.89;2.74;5.50;10.84;0.91;0.92;0.90;7.31;0.00;0.89;16.59;64943404.61;101.44;0.97;0.87;-0.40;0.46;2.83;0.00;;1
BBIM11;Títulos e Val Mob;;;0.45;0.00;0.00;0.00;0.00;0.00;0.00;0.00;;0.00;0.00;0.00;32188134.15;31.10;;1.45;-0.42;1.02;-29.61;;;0
BCIA11;Títulos e Val Mob;86.39;4478;0.76;0.83;2.47;5.13;9.88;0.82;0.86;0.82;8.34;0.00;0.83;15.16;398766701.50;107.22;0.81;0.71;-1.12;-0.42;10.10;;;0
CBOP11;Lajes Corporativas;56.39;328;0.49;0.87;2.55;5.82;13.82;0.85;0.97;1.15;8.89;0.00;0.87;-15.33;10759741.15;75.66;0.75;0.65;-0.54;0.11;-11.19;33.59;30.79;1
GESE11B;Outros;1520.00;300;13.69;0.00;0.00;0.00;0.00;0.00;0.00;0.00;;0.00;0.00;0.00;91931349.49;1767.91;0.86;0.77;0.02;0.80;1.60;;;0
EURO11;Logística;228.01;307;1.83;0.81;2.27;4.68;9.68;0.76;0.78;0.81;8.03;0.00;0.81;21.78;120125755.03;312.88;0.73;0.58;0.11;0.69;6.02;0.00;;6
CXRI11;Híbrido;68.48;566;0.55;0.79;2.37;5.12;9.72;0.79;0.85;0.81;8.25;0.00;0.79;9.05;139445989.22;88.49;0.77;0.62;-1.25;-0.64;10.56;;;0
KNSC11;Títulos e Val Mob;85.25;40352;0.52;0.59;1.97;5.56;13.11;0.66;0.93;1.09;10.23;0.00;0.59;-1.42;1189926884.16;89.63;0.95;0.58;0.47;1.06;10.30;;;0
RBFF11;Títulos e Val Mob;54.00;4558;0.51;0.92;2.66;5.51;10.85;0.89;0.92;0.90;9.12;0.00;0.92;9.90;252391278.97;67.32;0.80;0.76;-0.80;-0.04;11.09;;;0
FIGS11;Shoppings;51.32;7711;0.38;0.70;2.01;4.34;8.38;0.67;0.72;0.70;7.10;0.00;0.70;5.80;28439163.45;99.79;0.51;0.38;0.18;0.56;3.98;13.70;;2
GGRC11;Logística;116.50;10832;1.08;0.88;2.47;5.00;9.67;0.82;0.83;0.81;8.20;0.00;0.88;14.01;967982208.71;124.77;0.93;0.87;-0.17;0.70;1.38;0.00;0.00;20
SDIL11;Logística;92.53;13336;0.79;0.83;2.43;4.99;10.11;0.81;0.83;0.84;8.39;0.00;0.83;19.71;630195155.94;98.54;0.94;0.80;-0.17;0.63;9.19;2.60;;5
PQAG11;Logística;54.85;96;0.44;0.81;2.31;4.49;8.53;0.77;0.75;0.71;7.25;0.00;0.81;3.69;801554848.10;57.29;0.96;0.77;-0.02;0.75;8.24;0.00;;1
VCJR11;Títulos e Val Mob;93.00;13623;0.25;0.27;1.20;5.34;13.46;0.40;0.89;1.12;10.38;0.00;0.27;5.21;1407639723.83;95.60;0.97;0.26;1.20;1.47;12.68;;;0
WPLZ11;Shoppings;79.48;10;0.50;0.63;1.91;3.55;6.20;0.64;0.59;0.52;5.13;0.00;0.63;17.37;10568856.59;102.93;0.77;0.49;0.03;0.52;4.02;11.00;;1
HGCR11;Títulos e Val Mob;102.38;22862;1.20;1.19;3.53;7.02;13.30;1.18;1.17;1.11;12.12;0.00;1.19;2.89;1493415204.57;101.82;1.01;1.18;-0.16;1.02;10.71;;;0
HGPO11;Lajes Corporativas;258.00;483;1.60;0.62;1.85;3.49;6.72;0.62;0.58;0.56;5.56;0.00;0.62;4.95;46965381.85;267.91;0.96;0.60;-0.05;0.54;4.81;4.99;2.72;2
HGRU11;Híbrido;122.00;26739;0.82;0.65;1.95;4.61;8.72;0.65;0.77;0.73;8.08;0.00;0.65;25.03;219485588.36;119.24;1.02;0.69;0.29;0.98;7.07;0.00;0.00;17
HSML11;Shoppings;85.27;31195;0.68;0.76;2.26;4.70;9.06;0.75;0.78;0.76;7.68;0.00;0.76;26.52;1539577351.43;97.56;0.87;0.70;-0.52;0.17;3.74;4.50;;6
EDFO11B;Lajes Corporativas;202.90;5;1.82;0.92;2.62;5.06;9.31;0.87;0.84;0.78;7.83;0.00;0.92;-0.43;4531743.18;192.02;1.06;0.92;-0.97;-0.06;6.02;7.10;;1
XPCI11;Outros;83.20;39325;0.67;0.77;2.78;6.27;12.97;0.93;1.05;1.08;10.95;0.00;0.77;-0.18;83181437.44;95.51;0.87;0.70;-1.59;-0.89;11.61;;;0
PORD11;Títulos e Val Mob;90.20;10297;0.90;0.95;3.29;7.80;15.70;1.10;1.30;1.31;14.58;0.00;0.95;16.29;365159647.16;97.94;0.92;1.12;-0.05;1.07;7.60;;;0
BLMO11;Lajes Corporativas;2000.00;40;26.02;0.13;0.45;0.70;0.00;0.15;0.12;0.00;0.86;0.00;0.13;-22.41;111755359.35;29432.54;0.68;0.11;-0.08;0.04;12.89;0.00;;1
MXRF11;Híbrido;10.10;548285;0.10;0.98;3.02;6.39;12.26;1.01;1.07;1.02;10.56;0.00;0.98;24.62;2305298861.59;10.20;0.99;1.03;0.58;1.61;4.89;;;0
KNCA11;Títulos e Val Mob;106.18;7806;1.45;1.33;3.98;7.61;0.00;1.33;1.27;0.00;10.83;0.00;1.33;9.90;827704658.59;102.19;1.04;1.42;0.07;1.49;11.27;;;0
KISU11;Títulos e Val Mob;8.30;123058;0.08;0.90;2.65;5.85;10.86;0.88;0.97;0.90;9.20;0.00;0.90;12.14;414610309.11;9.38;0.88;0.80;-0.19;0.60;7.15;;;0
SARE11;Híbrido;69.40;19179;0.64;0.83;2.49;5.29;10.66;0.83;0.88;0.89;8.73;0.00;0.83;16.29;902700885.02;97.75;0.71;0.65;-0.29;0.36;5.13;6.20;;3
CXCO11;Lajes Corporativas;74.24;1586;0.72;0.94;2.77;5.66;10.82;0.92;0.94;0.90;9.11;0.00;0.94;3.64;37914241.70;96.58;0.77;0.75;0.04;0.79;7.99;;;0
XPSF11;Outros;7.16;155486;0.08;1.02;2.97;5.90;11.35;0.99;0.98;0.95;9.52;0.00;1.02;-89.51;387866121.99;8.96;0.80;0.85;0.01;0.86;-89.08;;;0
HREC11;Títulos e Val Mob;89.91;564;0.90;1.00;2.70;6.60;12.57;0.90;1.10;1.05;10.47;0.00;1.00;4.23;470810658.96;91.30;0.98;0.99;0.09;1.08;10.70;;;0
VCRI11;;9.09;17184;0.12;1.33;3.98;8.82;0.00;1.33;1.47;0.00;8.82;0.00;1.33;3.97;172325473.01;9.70;0.94;1.24;0.14;1.38;1.78;;;0
HGFF11;Títulos e Val Mob;76.40;4233;0.65;0.80;2.41;5.04;9.89;0.80;0.84;0.82;8.29;0.00;0.80;15.60;264976875.42;92.53;0.83;0.70;-0.12;0.58;9.82;;;0
AIEC11;Lajes Corporativas;72.00;6180;0.74;1.00;2.90;5.82;11.66;0.97;0.97;0.97;9.95;0.00;1.00;4.22;493650132.26;102.31;0.70;0.72;0.89;1.62;8.34;0.00;;2
RMAI11;Lajes Corporativas;48.00;2001;0.26;0.58;1.77;4.06;7.28;0.59;0.68;0.61;7.28;0.00;0.58;20.97;264169959.37;108.10;0.44;0.24;0.01;0.25;1.96;23.44;;1
CYCR11;Títulos e Val Mob;8.36;80222;0.10;1.19;3.45;6.95;0.00;1.15;1.16;0.00;11.75;0.00;1.19;-90.61;156316239.66;95.73;0.09;0.10;0.01;0.11;6.79;;;0
MXRF11;Híbrido;10.10;548285;0.11;1.02;3.07;6.44;12.30;1.02;1.07;1.03;10.60;0.49;1.52;25.29;2305298861.59;10.20;0.99;1.03;0.58;1.61;4.89;;;0
RCRB11;Lajes Corporativas;129.83;1720;0.76;0.56;1.56;3.27;6.15;0.52;0.55;0.51;5.47;-8.17;-7.66;23.80;727486756.01;197.11;0.66;0.39;-0.02;0.36;3.62;28.40;;10
ONEF11;Lajes Corporativas;170.00;82;0.92;0.54;1.62;3.35;6.90;0.54;0.56;0.57;6.35;-0.87;-0.34;40.71;159401959.93;174.97;0.97;0.53;0.02;0.55;4.88;0.00;;1
MBRF11;Outros;679.00;438;10.00;1.47;4.42;9.59;17.77;1.47;1.60;1.48;16.27;0.00;1.47;15.18;115491134.72;1136.01;0.60;0.88;-0.17;0.71;10.03;0.00;;2
DCRA11;;9.14;86258;0.11;0.00;0.00;0.00;0.00;0.00;0.00;0.00;;0.00;0.00;0.00;;;;;;;;;;0
LSAG11;;113.86;297;1.85;0.00;0.00;0.00;0.00;0.00;0.00;0.00;;0.00;0.00;0.00;;;;;;;;;;0
ERPA11;;125.00;930;0.68;0.55;1.65;2.08;0.00;0.55;0.35;0.00;2.32;0.00;0.55;2.46;58206319.32;116.20;1.08;0.58;0.00;0.59;3.14;;;0
FGAA11;;9.93;139059;0.16;0.00;0.00;0.00;0.00;0.00;0.00;0.00;;0.00;0.00;0.00;;;;;;;;;;0
FLMA11;Híbrido;123.98;616;0.95;0.76;2.11;4.34;7.88;0.70;0.72;0.66;6.84;-5.26;-4.54;13.59;21720899.00;157.19;0.79;0.60;0.02;0.62;5.75;11.00;;2
BLMR11;Títulos e Val Mob;7.02;61259;0.08;0.99;2.96;6.10;12.02;0.99;1.02;1.00;10.08;0.27;1.26;4.33;215896183.24;8.45;0.83;0.89;-0.42;0.47;8.31;;;0
BREV11;Híbrido;120.00;1;0.77;0.64;1.79;3.61;7.12;0.60;0.60;0.59;5.96;13.70;14.43;33.36;106685234.41;110.30;1.09;0.70;-0.14;0.56;6.00;0.00;;12
SCPF11;Shoppings;5.63;309;0.01;0.23;0.67;1.68;3.44;0.22;0.28;0.29;2.84;0.99;1.22;-20.94;52805152.64;12.57;0.45;0.11;0.17;0.28;2.11;29.30;;1
VCRA11;Títulos e Valores Mobiliários;106.00;2231;1.50;0.00;0.00;0.00;0.00;0.00;0.00;0.00;;0.00;0.00;0.00;20193976.91;102.38;1.04;1.47;0.00;1.47;1.47;;;0
AGRX11;;10.24;2726;0.10;0.00;0.00;0.00;0.00;0.00;0.00;0.00;;0.00;0.00;0.00;;;;;;;;;;0
HGAG11;;103.58;1;0.55;0.00;0.00;0.00;0.00;0.00;0.00;0.00;;0.00;0.00;0.00;;;;;;;;;;0
OIAG11;;10.19;964;0.14;0.00;0.00;0.00;0.00;0.00;0.00;0.00;;0.00;0.00;0.00;;;;;;;;;;0
PLCA11;;92.57;1215;1.07;0.00;0.00;0.00;0.00;0.00;0.00;0.00;;0.00;0.00;0.00;;;;;;;;;;0
RURA11;;10.22;185289;0.14;0.00;0.00;0.00;0.00;0.00;0.00;0.00;;0.00;0.00;0.00;;;;;;;;;;0
DRIT11B;Lajes Corporativas;99.99;16;0.67;0.74;2.15;3.68;0.00;0.72;0.61;0.00;3.40;-5.27;-4.57;-2.01;58325173.79;125.90;0.79;0.53;-0.21;0.32;2.03;10.47;;6
GCRA11;Híbrido;99.74;1222;1.20;1.20;3.59;7.78;0.00;1.20;1.30;0.00;11.73;0.49;1.70;7.71;171582258.95;98.00;1.02;1.22;0.11;1.33;12.74;;;0
BIME11;;7.95;3209;0.04;0.47;2.74;7.67;0.00;0.91;1.28;0.00;12.61;-6.00;-5.56;-0.94;53134954.35;9.09;0.87;0.88;-0.68;0.20;5.92;;;0
FISC11;Lajes Corporativas;165.00;200;0.24;0.00;0.00;0.00;0.00;0.00;0.00;0.00;;0.00;0.00;0.00;197266687.70;116.04;1.42;0.21;0.11;0.31;0.82;;;0
FATN11;Híbrido;94.29;116;0.90;0.95;2.76;5.37;10.04;0.92;0.90;0.84;8.55;-0.68;0.26;0.63;112503382.16;101.03;0.93;0.89;-0.09;0.80;5.78;4.30;;7
NCHB11;Títulos e Val Mob;91.22;3746;1.25;1.32;4.12;8.60;15.06;1.37;1.43;1.25;12.91;0.69;2.02;9.35;145949652.56;91.11;1.00;1.43;0.21;1.64;1.71;;;0
SNAG11;;100.04;16277;1.20;1.18;0.00;0.00;0.00;0.00;0.00;0.00;2.37;0.39;1.57;2.78;151912404.87;101.27;0.99;1.18;0.24;1.43;3.27;;;0
JRDM11;Shoppings;82.00;722;0.47;0.57;2.05;3.78;8.34;0.68;0.63;0.70;4.95;0.00;0.57;21.94;220495677.46;87.40;0.94;0.54;0.03;0.57;3.44;2.77;;1
RBRL11;Logística;84.10;4521;0.65;0.73;2.11;4.41;9.05;0.70;0.74;0.75;7.24;-3.97;-3.27;4.85;717273399.80;107.26;0.78;0.61;-0.15;0.45;6.83;0.00;0.00;6
CVBI11;Títulos e Val Mob;90.00;39841;0.66;0.73;2.25;6.05;13.02;0.75;1.01;1.09;10.82;-0.87;-0.15;-0.54;142724455.64;94.71;0.95;0.70;0.89;1.59;5.56;;;0
BRCR11;Híbrido;59.50;35600;0.47;0.71;2.19;4.42;8.70;0.73;0.74;0.72;5.86;0.00;0.71;9.51;2674906709.91;100.42;0.59;0.47;-0.54;-0.07;-2.53;21.00;25.80;15
BMLC11;Lajes Corporativas;106.70;647;0.78;0.74;2.21;4.53;9.15;0.74;0.75;0.76;7.32;4.07;4.84;24.31;10909776.98;109.18;0.98;0.67;-0.05;0.62;2.58;7.00;;2
SEQR11;Outros;63.69;2470;0.67;1.00;3.01;6.08;11.43;1.00;1.01;0.95;9.73;1.15;2.16;1.65;154515912.65;96.06;0.66;0.69;0.09;0.78;6.92;0.00;;0
DVFF11;Híbrido;72.07;1311;0.70;0.95;2.83;6.19;11.55;0.94;1.03;0.96;9.86;-1.65;-0.72;-7.38;10511501.59;95.38;0.76;0.73;-0.30;0.43;12.27;;;0
RECR11;Títulos e Val Mob;85.26;59367;0.44;0.50;2.01;5.90;13.61;0.67;0.98;1.13;10.96;-1.80;-1.31;-3.59;2520729187.28;95.33;0.89;0.46;-0.03;0.43;11.86;;;0
HCTR11;Outros;98.42;79606;1.10;1.09;3.17;7.14;14.96;1.06;1.19;1.25;12.39;-1.66;-0.59;-8.77;2684538725.13;121.56;0.81;0.90;-0.08;0.83;15.96;;;0
RECT11;Híbrido;55.87;13175;0.50;0.87;2.48;5.05;9.71;0.83;0.84;0.81;8.10;-5.69;-4.87;-10.62;815391397.88;95.44;0.59;0.53;0.00;0.52;2.96;15.10;;8
BTCR11;Títulos e Val Mob;87.80;7866;0.90;1.00;2.93;6.64;13.56;0.98;1.11;1.13;11.59;-6.19;-5.26;9.82;45533835.52;94.66;0.93;0.95;-0.24;0.71;2.98;;;0
CEOC11;Lajes Corporativas;57.01;414;0.50;0.84;2.48;4.95;9.79;0.83;0.83;0.82;8.23;-1.96;-1.13;12.49;163105846.62;89.83;0.63;0.56;-0.08;0.47;2.62;0.00;;1
BLCA11;Lajes Corporativas;89.90;1;0.56;0.62;1.79;3.34;0.00;0.60;0.56;0.00;4.37;0.00;0.62;-2.48;143272831.76;89.55;1.00;0.63;0.51;1.14;-12.73;0.00;;1
TORD11;Outros;7.82;53220;0.07;0.88;3.67;6.54;11.30;1.22;1.09;0.94;8.89;-2.08;-1.22;-16.18;495931112.91;14.15;0.55;0.49;0.35;0.85;12.76;;;0
MGFF11;Títulos e Val Mob;60.25;40385;0.53;0.82;2.48;5.26;10.57;0.83;0.88;0.88;8.93;-1.40;-0.59;12.25;698300597.86;77.16;0.78;0.69;-0.92;-0.24;2.59;;;0
BLMG11;Logística;76.09;5497;0.80;0.95;2.79;5.83;11.37;0.93;0.97;0.95;9.46;-6.10;-5.21;-1.92;357215100.57;93.74;0.81;0.85;1.39;2.26;0.20;0.00;0.00;4
CPFF11;Híbrido;71.77;32279;0.62;0.83;2.46;5.07;10.16;0.82;0.85;0.85;8.64;-1.17;-0.36;14.32;440345280.92;80.80;0.89;0.77;-0.83;-0.07;8.68;;;0
BCFF11;Títulos e Val Mob;67.98;36393;0.56;0.81;2.38;4.99;9.62;0.79;0.83;0.80;8.14;-1.13;-0.33;4.36;1972331202.27;78.31;0.87;0.72;-0.10;0.61;3.46;;;0
FLCR11;Títulos e Val Mob;92.33;428;0.75;0.81;2.63;7.22;15.98;0.88;1.20;1.33;12.68;-1.38;-0.59;5.57;62818707.63;99.15;0.93;0.76;-0.45;0.30;7.69;;;0
GTLG11;;37.00;300;0.70;0.71;2.13;4.23;8.44;0.71;0.71;0.70;7.04;-0.01;0.70;6.72;672598968.17;93.77;0.39;0.75;0.35;1.10;3.05;;;0
GTLG11;;37.00;100;0.70;0.71;2.13;4.23;8.44;0.71;0.71;0.70;7.04;-0.01;0.70;6.72;672598968.17;93.77;0.39;0.75;0.35;1.10;3.05;;;0
VSLH11;Outros;8.98;70198;0.12;1.33;3.74;7.29;14.35;1.25;1.21;1.20;12.06;-0.66;0.66;4.29;31429144.87;10.52;0.85;1.14;0.23;1.37;18.55;;;0
FAED11;Outros;152.02;658;1.54;0.99;2.99;6.29;11.82;1.00;1.05;0.99;10.21;-1.87;-0.90;19.00;138819579.88;216.17;0.70;0.71;0.00;0.71;4.21;0.00;;3
CXCI11;;80.00;1972;0.83;1.04;3.02;6.11;0.00;1.01;1.02;0.00;6.91;-3.42;-2.41;-2.61;20360610.96;98.68;0.81;0.84;-0.19;0.65;6.37;;;0
RELG11;Híbrido;74.00;947;0.29;0.38;2.23;5.95;12.00;0.74;0.99;1.00;9.86;-7.03;-6.68;4.73;15872574.41;118.93;0.62;0.24;0.07;0.31;4.26;10.40;10.40;3
MAXR11;Outros;77.20;863;0.65;0.81;2.47;5.07;9.37;0.82;0.85;0.78;6.18;0.00;0.81;13.22;135256102.97;120.16;0.64;0.54;-0.04;0.50;3.71;2.80;;8
DEVA11;Títulos e Val Mob;84.45;36620;0.56;0.63;2.26;6.53;14.36;0.75;1.09;1.20;11.64;-2.12;-1.50;-3.84;1407302585.03;101.20;0.83;0.55;0.99;1.55;17.52;;;0
RBRP11;Outros;53.00;22122;0.28;0.51;2.05;4.37;8.41;0.68;0.73;0.70;7.15;-1.84;-1.34;-15.89;112880854.80;83.16;0.64;0.34;-0.37;-0.03;5.06;13.00;6.00;17
RVBI11;Títulos e Val Mob;73.60;2440;0.75;0.97;2.86;5.82;11.41;0.95;0.97;0.95;9.60;-0.69;0.27;5.06;124351592.68;86.36;0.85;0.87;-0.59;0.28;7.26;;;0
MGLG11;Logística;39.70;1096;0.32;0.78;1.95;5.59;11.78;0.65;0.93;0.98;10.24;-2.37;-1.61;-15.88;73776321.74;39.07;1.02;0.82;-0.05;0.77;-48.64;0.00;;3
FEXC11;Títulos e Val Mob;87.23;5796;0.90;1.02;3.06;6.90;13.62;1.02;1.15;1.13;11.47;1.73;2.76;11.50;560710751.65;91.87;0.95;0.98;0.69;1.68;6.33;;;0
IRDM11;Títulos e Val Mob;95.79;87407;0.79;0.80;2.85;6.66;13.43;0.95;1.11;1.12;11.03;-4.30;-3.54;0.15;34455665.04;94.56;1.01;0.90;-0.47;0.43;3.32;;;0
RBRR11;Títulos e Val Mob;87.15;62493;0.70;0.78;2.56;6.14;12.61;0.85;1.02;1.05;10.61;-3.33;-2.58;-2.45;130394693.01;96.96;0.90;0.72;1.31;2.04;4.32;;;0
CPTR11;;97.52;17277;1.40;0.00;0.00;0.00;0.00;0.00;0.00;0.00;;0.00;0.00;0.00;408344526.08;98.68;0.99;1.42;0.00;1.42;1.42;;;0
CPTS11;Títulos e Val Mob;85.99;65096;0.85;0.95;3.29;6.91;13.63;1.10;1.15;1.14;11.49;-4.38;-3.47;2.60;2911469296.79;91.61;0.94;0.93;-0.24;0.68;3.13;;;0
RBRF11;Títulos e Val Mob;70.02;32076;0.63;0.88;2.46;5.16;10.12;0.82;0.86;0.84;8.47;-10.12;-9.33;7.46;1179664989.90;86.23;0.81;0.73;-0.62;0.10;4.39;;;0
RBRY11;Títulos e Val Mob;95.60;14376;1.00;1.04;3.18;7.12;14.08;1.06;1.19;1.17;11.72;-4.86;-3.87;0.99;553997377.46;99.88;0.96;1.00;0.37;1.37;2.97;;;0
VGIR11;Títulos e Val Mob;9.90;278194;0.13;1.30;3.92;7.71;14.10;1.31;1.28;1.17;12.36;1.32;2.64;-88.93;729737220.52;9.64;1.03;1.35;-0.06;1.29;-89.26;;;0
TRNT11;Lajes Corporativas;125.00;1;0.32;0.26;0.75;1.82;4.18;0.25;0.30;0.35;3.28;8.70;8.97;19.79;797165641.11;202.55;0.62;0.16;0.00;0.16;1.13;49.90;;1
GAME11;Híbrido;9.25;22868;0.10;1.08;3.18;7.49;13.33;1.06;1.25;1.11;12.29;-1.91;-0.85;-4.52;202298429.93;9.82;0.94;1.02;0.44;1.47;-98.86;;;0
MCCI11;Títulos e Val Mob;96.00;28521;1.10;1.14;3.40;6.77;12.70;1.13;1.13;1.06;10.75;0.20;1.34;5.81;1376228495.40;94.30;1.02;1.17;1.51;2.69;4.13;;;0
VGIA11;Títulos e Val Mob;10.00;485115;0.14;1.34;4.55;9.13;0.00;1.52;1.52;0.00;14.48;-0.19;1.15;13.50;695468145.75;9.52;1.05;1.47;-0.49;0.97;6.44;;;0
IBCR11;Títulos e Val Mob;85.30;1749;0.90;1.05;3.65;7.77;16.73;1.22;1.29;1.39;13.61;-3.19;-2.17;1.55;92382161.72;96.39;0.88;0.93;0.63;1.57;9.58;;;0
HCRI11;Hospital;217.52;305;2.49;1.09;2.71;5.06;9.62;0.90;0.84;0.80;2.71;0.00;1.09;-15.83;59990809.18;299.95;0.73;0.83;-0.01;0.82;2.24;0.00;;1
BRLA11;Híbrido;144.00;2;1.09;11.91;12.63;14.13;18.29;4.21;2.36;1.52;16.91;0.00;11.91;27.86;41709171.07;157.70;0.91;0.69;-0.09;0.61;-9.29;;;0
IRIM11;Híbrido;96.50;1542;0.70;0.70;2.89;7.44;15.31;0.96;1.24;1.28;12.75;-2.49;-1.80;2.21;18878142.11;97.96;0.99;1.17;-0.51;0.66;2.01;;;0
SNCI11;Títulos e Val Mob;97.65;7438;1.00;0.99;3.13;6.95;14.60;1.04;1.16;1.22;12.25;-0.40;0.59;8.89;412571771.37;98.23;0.99;1.02;0.67;1.69;8.59;;;0
MCHF11;Títulos e Val Mob;8.94;79970;0.11;1.22;3.55;7.23;13.97;1.18;1.21;1.16;11.59;-1.10;0.11;-0.07;307296102.43;9.51;0.94;1.16;0.97;2.14;0.54;;;0
GCFF11;Títulos e Val Mob;71.23;355;0.74;1.02;3.10;6.33;12.31;1.03;1.05;1.03;10.32;-0.11;0.90;0.35;29349861.75;86.68;0.82;0.85;-0.51;0.34;-0.43;;;0
MORE11;Títulos e Val Mob;67.39;7117;0.60;0.85;2.52;5.82;11.51;0.84;0.97;0.96;9.69;-5.40;-4.60;2.40;203436998.05;87.72;0.77;0.68;-0.42;0.27;1.69;;;0
MGHT11;Hotel;54.00;2247;0.65;1.09;3.22;6.91;12.57;1.07;1.15;1.05;10.73;-11.06;-10.09;-24.72;11282700.75;85.88;0.63;0.76;-0.05;0.71;-7.20;;;0
SNFF11;Títulos e Val Mob;84.97;4597;0.65;0.73;2.20;5.15;9.68;0.73;0.86;0.81;8.19;-0.45;0.28;9.35;264131204.45;93.33;0.91;0.70;-0.95;-0.26;4.72;;;0
VGIP11;Outros;86.79;24597;0.45;0.51;2.11;6.37;14.91;0.70;1.06;1.24;11.73;-0.55;-0.05;-1.69;18160778.78;91.76;0.95;0.49;0.25;0.74;8.23;;;0
GCRI11;Títulos e Val Mob;92.75;1091;1.10;1.16;3.58;7.83;15.99;1.19;1.30;1.33;13.46;0.14;1.30;9.58;11481958.74;96.42;0.96;1.14;-1.96;-0.84;0.82;;;0
NAVT11;Títulos e Val Mob;76.30;4544;0.85;1.07;3.20;6.71;12.71;1.07;1.12;1.06;11.08;-0.06;1.00;22.10;97722397.41;92.67;0.82;0.92;0.00;0.92;1.75;;;0
MGCR11;Títulos e Val Mob;82.68;4778;1.00;1.14;3.99;8.34;15.36;1.33;1.39;1.28;13.11;-0.55;0.59;12.97;130596784.55;91.82;0.90;1.25;0.75;2.01;4.16;;;0
BTLG11;Logística;99.56;33950;0.74;0.73;2.19;4.46;8.64;0.73;0.74;0.72;7.26;-0.72;0.01;6.04;1860854582.40;97.82;1.02;0.76;-0.15;0.60;1.85;;2.00;16
OURE11;Títulos e Val Mob;80.79;1002;1.05;1.29;3.86;8.08;14.81;1.29;1.35;1.23;12.21;-4.49;-3.26;6.90;101291747.02;94.04;0.86;1.12;-0.29;0.82;12.28;;;0
RECX11;Outros;70.00;261;0.80;1.10;3.22;6.14;12.34;1.07;1.02;1.03;10.08;-2.34;-1.27;-15.51;17782714.28;81.46;0.86;0.98;-0.03;0.96;-2.70;;;0
OUFF11;Títulos e Val Mob;65.30;3741;0.70;1.04;3.21;6.68;12.73;1.07;1.11;1.06;10.90;-5.58;-4.60;14.65;145731104.29;80.32;0.81;0.87;-0.99;-0.13;10.38;;;0
AFHI11;Títulos e Val Mob;93.10;15262;0.95;0.99;3.21;7.29;15.06;1.07;1.21;1.25;12.50;-1.66;-0.69;6.06;28929478.44;95.72;0.97;0.99;0.46;1.46;4.93;;;0
ARCT11;Híbrido;91.07;16361;0.77;0.83;2.52;6.31;15.90;0.84;1.05;1.33;12.63;-6.90;-6.13;-4.64;37029091.16;99.86;0.91;0.78;-0.16;0.62;4.79;;;4
BLMC11;Outros;82.10;6;0.70;0.85;3.05;7.03;14.03;1.02;1.17;1.17;11.69;-4.40;-3.59;-6.11;39222335.81;98.18;0.84;0.71;-0.03;0.68;3.86;;;0
RZAK11;Títulos e Val Mob;96.40;26170;1.40;1.46;4.57;9.60;18.11;1.52;1.60;1.51;15.40;-4.39;-2.99;17.07;318162461.02;93.49;1.03;1.55;0.89;2.45;5.56;;;0
MCHY11;Títulos e Val Mob;104.50;142;1.40;1.34;3.95;7.77;14.80;1.32;1.29;1.23;12.62;-3.93;-2.64;6.73;371685434.52;103.54;1.01;1.35;0.36;1.72;9.51;;;0
NCRA11;;89.98;4864;1.00;0.00;0.00;0.00;0.00;0.00;0.00;0.00;;0.00;0.00;0.00;;;;;;;;;;0
XPIN11;Outros;76.75;5245;0.64;0.83;2.35;4.85;9.19;0.78;0.81;0.77;7.82;-9.16;-8.40;-3.19;752613733.16;105.25;0.73;0.61;0.52;1.13;1.52;17.30;12.00;5
MATV11;Títulos e Val Mob;86.50;15;0.60;0.69;2.94;6.74;12.86;0.98;1.12;1.07;11.65;-7.48;-6.83;-0.89;39761417.10;93.34;0.93;0.64;-0.09;0.55;-0.33;;;0
